Row,Page.Loads,Unique.Visits,First.Time.Visits,Returning.Visits
1,2146,2146,2146,2146
2,3621,2528,2297,231
3,3698,2630,2352,278
4,3667,2614,2327,287
5,3316,2366,2130,236
6,2815,1863,1622,241
7,1658,1118,985,133
8,2288,1656,1481,175
9,3638,2586,2312,274
10,4462,3257,2989,268
11,4414,3175,2891,284
12,4315,3029,2743,286
13,3323,2249,2033,216
14,1656,1180,1040,140
15,2465,1806,1613,193
16,4096,2873,2577,296
17,4474,3032,2720,312
18,4124,2849,2541,308
19,3514,2489,2239,250
20,3005,2097,1856,241
21,2054,1436,1274,162
22,2847,1913,1713,200
23,4501,3181,2853,328
24,4603,3163,2804,359
25,4187,3014,2663,351
26,4343,2864,2545,319
27,3565,2382,2100,282
28,2080,1457,1280,177
29,3031,2089,1856,233
30,4814,3339,2973,366
31,5040,3604,3217,387
32,5028,3515,3094,421
33,4658,3331,2955,376
34,3624,2477,2148,329
35,2285,1619,1416,203
36,3454,2346,2060,286
37,5307,3717,3308,409
38,5135,3701,3280,421
39,5084,3611,3177,434
40,4650,3316,2940,376
41,3571,2498,2170,328
42,2354,1661,1417,244
43,3497,2508,2218,290
44,5294,3737,3286,451
45,4643,3328,2905,423
46,4596,3279,2863,416
47,4162,3041,2657,384
48,2933,2007,1728,279
49,2202,1496,1270,226
50,3083,2204,1940,264
51,4376,3057,2629,428
52,4704,3141,2739,402
53,4306,3200,2797,403
54,4178,3034,2627,407
55,3236,2318,1975,343
56,2010,1536,1345,191
57,2901,2141,1849,292
58,4754,3325,2885,440
59,4417,3203,2793,410
60,4535,3351,2897,454
61,4274,3194,2758,436
62,3382,2423,2061,362
63,2085,1488,1280,208
64,3083,2215,1926,289
65,4860,3559,3069,490
66,4893,3570,3133,437
67,4866,3544,3056,488
68,4584,3357,2899,458
69,3914,2750,2361,389
70,2431,1716,1463,253
71,3157,2369,2082,287
72,5045,3615,3146,469
73,4746,3236,2821,415
74,4314,2919,2513,406
75,3663,2476,2162,314
76,3270,2268,1931,337
77,2905,1976,1695,281
78,4016,2832,2489,343
79,5266,3877,3317,560
80,5795,4274,3700,574
81,5728,4217,3656,561
82,5293,3830,3295,535
83,3934,2856,2479,377
84,3071,2165,1855,310
85,3876,2984,2582,402
86,5878,4375,3829,546
87,5712,4187,3635,552
88,5491,4074,3480,594
89,5144,3801,3247,554
90,3880,2860,2418,442
91,2605,1838,1538,300
92,3625,2650,2259,391
93,4685,3478,3000,478
94,4891,3338,2861,477
95,4222,3053,2606,447
96,3691,2690,2275,415
97,2748,1879,1559,320
98,1380,1011,836,175
99,1474,1054,876,178
100,2452,1715,1394,321
101,2298,1440,1159,281
102,1430,947,772,175
103,1002,667,522,145
104,1486,1005,808,197
105,1345,941,781,160
106,1453,948,765,183
107,2173,1472,1228,244
108,2208,1424,1172,252
109,1381,955,773,182
110,1265,876,715,161
111,1948,1288,1030,258
112,1742,1096,946,150
113,1896,1409,1186,223
114,3033,2062,1706,356
115,3445,2327,1942,385
116,3423,2384,1991,393
117,3319,2272,1922,350
118,2783,1941,1663,278
119,1952,1240,1066,174
120,2245,1611,1391,220
121,3928,2518,2125,393
122,3810,2621,2239,382
123,3931,2656,2229,427
124,3523,2457,2069,388
125,2943,1928,1640,288
126,1751,1237,1052,185
127,2491,1762,1541,221
128,3766,2665,2271,394
129,4194,2852,2423,429
130,4038,2916,2482,434
131,3891,2702,2334,368
132,3111,2181,1897,284
133,1946,1414,1239,175
134,2802,2010,1740,270
135,3892,2841,2466,375
136,4172,3003,2592,411
137,4464,3280,2862,418
138,4377,3143,2679,464
139,3734,2514,2129,385
140,2262,1657,1443,214
141,3050,2122,1825,297
142,4794,3366,2867,499
143,4936,3423,2922,501
144,5016,3500,3023,477
145,4489,3170,2753,417
146,3505,2468,2075,393
147,2264,1679,1437,242
148,3314,2435,2100,335
149,5095,3619,3125,494
150,5525,3793,3272,521
151,5074,3689,3190,499
152,4571,3319,2810,509
153,3570,2664,2253,411
154,2182,1565,1323,242
155,3265,2277,1935,342
156,4670,3297,2826,471
157,4764,3452,2957,495
158,4943,3526,3026,500
159,4790,3307,2811,496
160,3604,2621,2241,380
161,2455,1823,1569,254
162,3650,2690,2329,361
163,5463,3975,3433,542
164,5884,4112,3542,570
165,5615,4019,3432,587
166,5289,3747,3186,561
167,4434,2969,2486,483
168,2665,1977,1694,283
169,3907,2906,2519,387
170,5308,3778,3222,556
171,5773,4025,3490,535
172,5585,4060,3457,603
173,4783,3582,3049,533
174,3893,2707,2259,448
175,2917,2048,1723,325
176,3353,2468,2104,364
177,5400,3824,3246,578
178,5395,3926,3350,576
179,5229,3859,3263,596
180,5371,3784,3204,580
181,4185,3045,2559,486
182,2724,1988,1675,313
183,3590,2620,2196,424
184,5367,3771,3192,579
185,5440,3968,3387,581
186,5465,4043,3458,585
187,5318,3813,3262,551
188,4225,2916,2462,454
189,2687,1975,1667,308
190,3791,2786,2388,398
191,5661,3949,3331,618
192,5759,4081,3487,594
193,5599,3983,3378,605
194,5103,3755,3184,571
195,4313,2946,2446,500
196,2971,2011,1651,360
197,3662,2693,2285,408
198,5635,3985,3386,599
199,5581,3963,3359,604
200,5329,3761,3170,591
201,4553,3214,2710,504
202,3423,2404,1988,416
203,2708,1807,1512,295
204,3306,2266,1895,371
205,5203,3692,3133,559
206,5712,4104,3456,648
207,5601,4015,3401,614
208,5486,4063,3430,633
209,4178,3213,2697,516
210,2878,2153,1835,318
211,4169,2903,2447,456
212,6372,4485,3787,698
213,6240,4391,3698,693
214,6170,4409,3723,686
215,6071,4275,3586,689
216,4682,3307,2741,566
217,3208,2291,1894,397
218,4310,3144,2669,475
219,6435,4694,3929,765
220,6299,4455,3769,686
221,6360,4512,3797,715
222,6349,4360,3664,696
223,4660,3387,2845,542
224,3354,2420,2035,385
225,4371,3189,2688,501
226,6534,4731,3977,754
227,6832,4941,4161,780
228,6689,4870,4110,760
229,5849,4086,3450,636
230,4247,3064,2562,502
231,3219,2360,1958,402
232,4211,3210,2765,445
233,6424,4752,4043,709
234,6223,4520,3818,702
235,6551,4768,4059,709
236,6343,4449,3770,679
237,4696,3366,2824,542
238,3134,2239,1846,393
239,3868,2844,2365,479
240,6020,4482,3787,695
241,5705,4160,3490,670
242,5752,4016,3348,668
243,5181,3605,3008,597
244,4269,2913,2404,509
245,2633,1818,1473,345
246,3336,2376,1988,388
247,5127,3587,2955,632
248,5449,3767,3149,618
249,5746,3956,3371,585
250,5115,3642,3046,596
251,3995,2749,2243,506
252,2618,1884,1585,299
253,2961,2117,1763,354
254,4090,2913,2427,486
255,5201,3637,3073,564
256,5321,3797,3146,651
257,5219,3509,2887,622
258,4017,2804,2338,466
259,2297,1629,1346,283
260,3145,2226,1860,366
261,4905,3419,2797,622
262,4747,3284,2701,583
263,4591,3317,2713,604
264,4431,3173,2652,521
265,3608,2523,2068,455
266,2422,1673,1336,337
267,3132,2145,1790,355
268,4962,3377,2788,589
269,4881,3469,2862,607
270,5001,3425,2786,639
271,4635,3242,2614,628
272,3545,2494,2066,428
273,2262,1490,1235,255
274,2866,2034,1692,342
275,4692,3261,2682,579
276,4602,3204,2660,544
277,4620,3101,2556,545
278,4475,2955,2386,569
279,3564,2422,1954,468
280,2071,1370,1129,241
281,2659,1840,1523,317
282,4338,2963,2410,553
283,4531,3139,2566,573
284,4498,3022,2481,541
285,4128,2730,2210,520
286,3132,2153,1721,432
287,1829,1264,1067,197
288,2149,1517,1224,293
289,3975,2691,2169,522
290,4046,2718,2180,538
291,3897,2745,2266,479
292,3871,2540,2072,468
293,2630,1716,1353,363
294,1602,1104,900,204
295,1960,1370,1141,229
296,4143,2655,2171,484
297,4205,2789,2266,523
298,4193,2783,2255,528
299,3710,2536,2069,467
300,3137,2203,1767,436
301,1834,1145,944,201
302,2070,1473,1197,276
303,4180,2852,2310,542
304,4038,2731,2226,505
305,3906,2667,2119,548
306,3580,2424,1940,484
307,2948,2070,1708,362
308,1622,1121,924,197
309,2179,1480,1214,266
310,3906,2615,2146,469
311,3745,2596,2071,525
312,4212,2761,2205,556
313,3901,2595,2095,500
314,3292,2207,1785,422
315,1819,1229,1016,213
316,2068,1562,1286,276
317,3991,2805,2243,562
318,4073,2862,2361,501
319,4069,2825,2324,501
320,3716,2629,2126,503
321,3380,2120,1709,411
322,1737,1197,958,239
323,2181,1567,1282,285
324,3973,2794,2263,531
325,3997,2794,2269,525
326,4132,2798,2287,511
327,3791,2693,2204,489
328,2968,2139,1738,401
329,1752,1266,1021,245
330,2070,1497,1231,266
331,3920,2684,2139,545
332,4106,2791,2266,525
333,4006,2726,2166,560
334,3827,2639,2133,506
335,2944,1973,1564,409
336,1827,1193,954,239
337,2373,1658,1369,289
338,4031,2763,2290,473
339,4027,2780,2248,532
340,3912,2795,2291,504
341,3867,2715,2191,524
342,3304,2238,1806,432
343,1685,1208,1011,197
344,2130,1542,1282,260
345,3936,2697,2182,515
346,4029,2744,2203,541
347,4010,2789,2237,552
348,4027,2890,2392,498
349,2829,2000,1585,415
350,1736,1227,1023,204
351,2517,1686,1416,270
352,4029,2769,2299,470
353,4261,2890,2358,532
354,4058,2923,2442,481
355,4392,3007,2466,541
356,3072,2221,1846,375
357,1799,1284,1068,216
358,2341,1611,1345,266
359,3330,2354,1963,391
360,4734,3381,2833,548
361,4801,3381,2845,536
362,4399,3079,2575,504
363,3275,2375,1958,417
364,2042,1429,1223,206
365,2827,2103,1844,259
366,4836,3437,2954,483
367,4840,3465,2944,521
368,4504,3356,2902,454
369,4379,3240,2736,504
370,3391,2428,2024,404
371,2045,1513,1278,235
372,2721,2081,1817,264
373,4630,3535,2998,537
374,4748,3540,3004,536
375,4702,3377,2893,484
376,4440,3309,2827,482
377,3513,2518,2116,402
378,2253,1633,1395,238
379,3141,2291,1980,311
380,5122,3808,3289,519
381,5151,3868,3305,563
382,4969,3703,3182,521
383,4619,3365,2876,489
384,3443,2598,2196,402
385,2302,1754,1503,251
386,3291,2506,2173,333
387,5206,3737,3170,567
388,5474,3940,3337,603
389,5400,3934,3350,584
390,5334,3821,3244,577
391,4174,3022,2547,475
392,2571,1853,1597,256
393,3572,2636,2283,353
394,5018,3788,3241,547
395,5565,4159,3536,623
396,5420,4048,3403,645
397,5366,3908,3331,577
398,4091,3002,2507,495
399,2824,2087,1770,317
400,3843,2825,2441,384
401,5516,4140,3491,649
402,5572,4121,3460,661
403,5243,3882,3298,584
404,5133,3720,3104,616
405,4084,2947,2441,506
406,2739,1978,1647,331
407,3781,2857,2435,422
408,5684,4073,3417,656
409,5687,4179,3534,645
410,5906,4266,3614,652
411,5541,4020,3368,652
412,4171,3043,2501,542
413,2586,1820,1496,324
414,3838,2922,2456,466
415,5675,4076,3419,657
416,5624,4178,3504,674
417,5794,4316,3670,646
418,5389,4031,3379,652
419,4305,3047,2522,525
420,3281,2202,1854,348
421,3790,2837,2418,419
422,5894,4203,3487,716
423,5461,4048,3388,660
424,5206,3869,3219,650
425,5228,3929,3281,648
426,4097,2971,2436,535
427,2694,1964,1616,348
428,3893,2930,2483,447
429,6185,4550,3872,678
430,6178,4503,3795,708
431,6067,4397,3693,704
432,5656,4166,3487,679
433,4398,3173,2645,528
434,2836,2086,1741,345
435,3896,2927,2424,503
436,5814,4236,3543,693
437,5879,4140,3475,665
438,4800,3457,2836,621
439,3838,2825,2334,491
440,3576,2579,2118,461
441,2799,1974,1652,322
442,4228,3127,2605,522
443,6331,4570,3817,753
444,6380,4743,4027,716
445,6314,4829,4039,790
446,6160,4584,3835,749
447,4859,3615,2995,620
448,3317,2468,2040,428
449,4715,3550,2972,578
450,6940,5136,4303,833
451,6551,4866,4068,798
452,6327,4761,3961,800
453,6212,4578,3830,748
454,4687,3388,2771,617
455,3014,2283,1856,427
456,4132,3064,2548,516
457,5989,4330,3606,724
458,5331,3967,3309,658
459,5183,3665,3025,640
460,4769,3515,2917,598
461,3627,2518,2071,447
462,1857,1319,1087,232
463,2221,1489,1204,285
464,3335,2335,1906,429
465,2883,2047,1639,408
466,2353,1621,1312,309
467,1578,1099,886,213
468,1017,724,586,138
469,1334,936,760,176
470,1690,1155,947,208
471,2838,1829,1474,355
472,2815,1786,1419,367
473,2382,1618,1292,326
474,1587,1035,809,226
475,1411,960,786,174
476,1838,1197,969,228
477,2180,1562,1279,283
478,3587,2494,2037,457
479,3855,2742,2230,512
480,3840,2628,2127,501
481,3735,2746,2258,488
482,3223,2286,1860,426
483,2207,1531,1280,251
484,2814,2000,1661,339
485,4007,2976,2444,532
486,4119,2961,2385,576
487,4338,3164,2631,533
488,4432,2962,2418,544
489,3306,2349,1866,483
490,2223,1557,1262,295
491,2757,2002,1635,367
492,4047,2898,2373,525
493,4489,3190,2566,624
494,4588,3232,2656,576
495,4398,3106,2561,545
496,3340,2455,1990,465
497,2344,1639,1338,301
498,2973,2094,1736,358
499,4638,3205,2649,556
500,4791,3409,2834,575
501,5104,3768,3197,571
502,4621,3439,2876,563
503,3831,2715,2232,483
504,2295,1690,1400,290
505,3235,2462,2050,412
506,4918,3640,3060,580
507,5127,3783,3195,588
508,4794,3575,2999,576
509,4788,3420,2848,572
510,3948,2727,2256,471
511,2383,1765,1477,288
512,2950,2231,1839,392
513,4905,3592,3024,568
514,5353,3931,3299,632
515,5492,4007,3358,649
516,5052,3628,3019,609
517,3764,2807,2300,507
518,2458,1788,1459,329
519,3098,2277,1866,411
520,4951,3652,3039,613
521,5495,4000,3304,696
522,5505,4062,3375,687
523,5188,3812,3156,656
524,4002,2932,2377,555
525,2607,1888,1537,351
526,3906,2838,2355,483
527,6360,4432,3684,748
528,6046,4460,3714,746
529,5938,4309,3499,810
530,5325,3892,3199,693
531,4165,3048,2490,558
532,2829,2096,1726,370
533,4090,2979,2462,517
534,5734,4224,3493,731
535,6214,4474,3731,743
536,5906,4333,3597,736
537,5814,4191,3419,772
538,4507,3188,2624,564
539,2859,2064,1718,346
540,3897,2806,2326,480
541,5849,4240,3503,737
542,6264,4526,3743,783
543,6062,4404,3624,780
544,5685,4159,3415,744
545,4391,3241,2627,614
546,2880,2046,1638,408
547,3740,2673,2163,510
548,5710,4261,3469,792
549,5168,3778,3047,731
550,5577,4062,3287,775
551,5238,3827,3134,693
552,3931,2871,2320,551
553,2606,1892,1568,324
554,3149,2410,2028,382
555,5565,3968,3274,694
556,5281,3770,3035,735
557,5202,3780,3146,634
558,4581,3203,2649,554
559,3264,2281,1847,434
560,2344,1759,1393,366
561,3112,2311,1890,421
562,5051,3655,2985,670
563,5333,3944,3217,727
564,5671,4078,3369,709
565,5097,3707,3026,681
566,4555,2971,2408,563
567,2987,2129,1737,392
568,4257,2964,2421,543
569,5804,4216,3426,790
570,5885,4379,3597,782
571,6054,4293,3522,771
572,5791,4147,3422,725
573,4741,3430,2820,610
574,2946,2140,1740,400
575,4071,2864,2330,534
576,6265,4503,3667,836
577,6298,4626,3769,857
578,6495,4628,3791,837
579,5536,4189,3431,758
580,4737,3447,2785,662
581,3232,2333,1862,471
582,4201,3093,2504,589
583,6806,4769,3920,849
584,6769,4817,3940,877
585,6581,4824,3926,898
586,6254,4537,3707,830
587,5163,3685,3009,676
588,3851,2595,2113,482
589,4695,3386,2761,625
590,7098,5224,4237,987
591,7156,5392,4468,924
592,6836,5056,4130,926
593,6329,4724,3892,832
594,4990,3608,2922,686
595,3536,2489,1993,496
596,4366,3236,2605,631
597,6510,4786,3909,877
598,6855,4962,4085,877
599,6599,4651,3744,907
600,5510,4105,3375,730
601,4549,3245,2639,606
602,3064,2167,1760,407
603,3633,2663,2180,483
604,5838,4283,3489,794
605,6026,4336,3581,755
606,5780,4226,3479,747
607,5131,3781,3101,680
608,3928,2845,2294,551
609,2636,1930,1552,378
610,3278,2366,1922,444
611,4785,3560,2882,678
612,4886,3601,2914,687
613,5145,3672,2987,685
614,5849,4211,3484,727
615,4456,3324,2725,599
616,2960,2138,1716,422
617,3885,2860,2338,522
618,5857,4155,3368,787
619,6162,4345,3526,819
620,6014,4254,3398,856
621,5652,4119,3385,734
622,4793,3340,2692,648
623,2819,1995,1611,384
624,3687,2546,2067,479
625,4851,3399,2701,698
626,5775,4216,3413,803
627,5443,3962,3193,769
628,5590,3959,3176,783
629,4482,3164,2489,675
630,2792,1947,1533,414
631,3371,2449,1979,470
632,5547,3832,3036,796
633,5468,3954,3226,728
634,5104,3751,3064,687
635,4728,3485,2812,673
636,4024,2855,2290,565
637,2350,1677,1348,329
638,3234,2196,1779,417
639,4948,3550,2790,760
640,5247,3760,3052,708
641,5003,3557,2810,747
642,4816,3482,2775,707
643,4208,2818,2267,551
644,2454,1668,1357,311
645,2763,1919,1506,413
646,4954,3522,2829,693
647,4903,3470,2793,677
648,4907,3464,2772,692
649,4625,3336,2669,667
650,3497,2482,1947,535
651,1826,1358,1101,257
652,2307,1721,1356,365
653,4368,3078,2433,645
654,4233,3091,2466,625
655,4187,2948,2377,571
656,3811,2726,2135,591
657,3179,2226,1730,496
658,1615,1039,814,225
659,1788,1307,1028,279
660,2959,2144,1653,491
661,3947,2840,2235,605
662,3841,2821,2248,573
663,3729,2700,2148,552
664,3324,2381,1891,490
665,1795,1305,1036,269
666,2373,1655,1321,334
667,4101,2855,2208,647
668,4241,2960,2352,608
669,4478,3189,2578,611
670,3961,2814,2214,600
671,3367,2325,1796,529
672,1828,1222,951,271
673,2344,1636,1319,317
674,4415,3007,2382,625
675,4403,3151,2502,649
676,4244,3082,2450,632
677,4322,3077,2404,673
678,3456,2431,1936,495
679,2068,1407,1099,308
680,2568,1755,1374,381
681,4770,3320,2628,692
682,4621,3277,2595,682
683,4470,3164,2513,651
684,4307,3077,2459,618
685,3370,2366,1818,548
686,1960,1341,1017,324
687,2412,1765,1423,342
688,4504,3095,2489,606
689,4382,3138,2499,639
690,4710,3369,2697,672
691,4324,3106,2479,627
692,3472,2497,1980,517
693,1909,1339,1081,258
694,2365,1688,1334,354
695,4460,3056,2438,618
696,4479,3135,2482,653
697,4510,3207,2550,657
698,4340,3111,2491,620
699,3508,2436,1933,503
700,2030,1420,1122,298
701,2586,1749,1399,350
702,4476,2970,2346,624
703,3232,2299,1823,476
704,4291,3106,2498,608
705,4247,2926,2327,599
706,3477,2539,2045,494
707,2169,1470,1169,301
708,2430,1808,1453,355
709,4358,3082,2439,643
710,4465,3249,2550,699
711,4550,3210,2615,595
712,4147,3011,2380,631
713,3634,2532,2000,532
714,2014,1430,1141,289
715,2687,1910,1555,355
716,4376,3115,2521,594
717,4318,3226,2622,604
718,4441,3219,2620,599
719,4234,3116,2556,560
720,3027,2230,1762,468
721,1966,1376,1101,275
722,2446,1761,1452,309
723,3779,2643,2145,498
724,4619,3341,2727,614
725,4983,3584,2925,659
726,4645,3319,2716,603
727,3612,2630,2139,491
728,2153,1577,1323,254
729,3089,2307,1978,329
730,4580,3446,2882,564
731,4788,3625,2992,633
732,5095,3759,3113,646
733,4668,3454,2860,594
734,3711,2785,2272,513
735,2523,1861,1577,284
736,3364,2547,2122,425
737,5513,4050,3321,729
738,5362,3762,3095,667
739,5402,3987,3293,694
740,5398,3996,3299,697
741,3783,2663,2134,529
742,2395,1797,1503,294
743,3679,2719,2289,430
744,5688,4325,3570,755
745,5842,4382,3645,737
746,5923,4458,3682,776
747,5717,4222,3487,735
748,4250,3176,2565,611
749,2525,1986,1656,330
750,3923,3023,2559,464
751,5785,4281,3545,736
752,6052,4522,3780,742
753,6150,4588,3814,774
754,5591,4134,3419,715
755,4279,3196,2616,580
756,2897,2066,1717,349
757,3904,2873,2374,499
758,5458,4145,3442,703
759,5909,4399,3685,714
760,6175,4620,3823,797
761,5856,4422,3581,841
762,4610,3505,2837,668
763,3081,2269,1864,405
764,4390,3265,2718,547
765,6507,4917,4018,899
766,6941,5103,4189,914
767,6576,4776,3961,815
768,5985,4462,3701,761
769,4789,3497,2840,657
770,3263,2292,1881,411
771,4180,3135,2561,574
772,6371,4865,3993,872
773,6648,4960,4070,890
774,6501,4777,3880,897
775,6088,4431,3574,857
776,4376,3179,2510,669
777,2733,1955,1549,406
778,3953,2921,2344,577
779,6108,4416,3563,853
780,5668,4185,3360,825
781,6159,4508,3663,845
782,5810,4241,3426,815
783,4491,3394,2670,724
784,3110,2263,1842,421
785,4418,3281,2713,568
786,6529,4488,3573,915
787,5756,4251,3437,814
788,5716,4102,3315,787
789,5323,4022,3246,776
790,4280,3085,2441,644
791,2982,2169,1777,392
792,4365,3172,2595,577
793,6627,4888,3942,946
794,6467,4808,3905,903
795,6631,4903,3984,919
796,6378,4681,3779,902
797,4767,3424,2734,690
798,3501,2580,2136,444
799,4647,3426,2777,649
800,6336,4693,3788,905
801,6222,4564,3646,918
802,5527,3904,3082,822
803,4267,3197,2561,636
804,3733,2678,2135,543
805,3299,2394,1907,487
806,4530,3396,2722,674
807,6908,5047,4167,880
808,7714,5338,4369,969
809,7490,5425,4389,1036
810,7190,5081,4120,961
811,5391,3977,3171,806
812,3575,2667,2178,489
813,5285,4031,3247,784
814,7330,5439,4452,987
815,7489,5479,4500,979
816,7345,5467,4469,998
817,6679,4991,3998,993
818,5403,3970,3190,780
819,3573,2712,2203,509
820,4834,3515,2838,677
821,6905,4945,3988,957
822,6743,4927,3942,985
823,6201,4488,3593,895
824,5571,4071,3229,842
825,3872,2780,2191,589
826,2613,1884,1480,404
827,3109,2293,1853,440
828,4324,3145,2477,668
829,4226,3064,2339,725
830,3991,2914,2278,636
831,3160,2211,1728,483
832,2386,1626,1257,369
833,1115,825,634,191
834,1387,930,740,190
835,2147,1418,1142,276
836,2686,1777,1349,428
837,2885,1915,1476,439
838,2694,1837,1400,437
839,2273,1541,1164,377
840,1188,836,643,193
841,1447,1039,832,207
842,2568,1844,1448,396
843,3566,2527,1970,557
844,3941,2816,2226,590
845,3841,2625,2058,567
846,3261,2338,1812,526
847,2241,1523,1204,319
848,2679,1892,1519,373
849,4182,2841,2191,650
850,4236,3039,2391,648
851,4628,3206,2536,670
852,4205,3025,2403,622
853,3459,2508,2033,475
854,2448,1744,1390,354
855,2853,2015,1586,429
856,4638,3178,2543,635
857,5325,3669,2942,727
858,4866,3364,2670,694
859,4715,3375,2689,686
860,3753,2713,2136,577
861,2481,1778,1437,341
862,3233,2401,1981,420
863,5034,3660,2957,703
864,4787,3593,2909,684
865,4901,3602,2923,679
866,4398,3266,2653,613
867,3823,2832,2267,565
868,2619,1901,1534,367
869,3518,2612,2205,407
870,5178,3826,3127,699
871,5290,3876,3127,749
872,5469,4116,3402,714
873,5399,4028,3303,725
874,4232,3012,2342,670
875,2828,2084,1697,387
876,3724,2783,2281,502
877,5733,4249,3448,801
878,5814,4284,3521,763
879,5349,4006,3248,758
880,5025,3681,3010,671
881,4044,2922,2335,587
882,2323,1731,1377,354
883,3147,2469,2005,464
884,4972,3719,3014,705
885,4878,3582,2897,685
886,5288,3786,3039,747
887,4968,3668,2934,734
888,3788,2748,2158,590
889,2514,1839,1496,343
890,3463,2602,2083,519
891,4931,3700,3009,691
892,5101,3873,3079,794
893,5144,3727,2998,729
894,4433,3372,2657,715
895,3597,2648,2111,537
896,2621,1826,1482,344
897,3397,2494,2021,473
898,5062,3812,3009,803
899,4926,3678,2933,745
900,4936,3558,2822,736
901,4688,3441,2747,694
902,3827,2699,2140,559
903,2452,1754,1408,346
904,3283,2394,1958,436
905,4823,3481,2764,717
906,4821,3662,2942,720
907,5059,3613,2923,690
908,4585,3444,2744,700
909,3682,2733,2178,555
910,2350,1714,1351,363
911,3056,2189,1755,434
912,4746,3367,2721,646
913,4613,3465,2808,657
914,4560,3441,2694,747
915,4520,3304,2629,675
916,3346,2433,1930,503
917,2253,1649,1325,324
918,2927,2267,1807,460
919,4878,3463,2799,664
920,4852,3481,2802,679
921,4585,3430,2757,673
922,4477,3260,2600,660
923,3654,2566,1993,573
924,2411,1760,1420,340
925,3054,2336,1882,454
926,4696,3479,2765,714
927,5033,3633,2875,758
928,4948,3530,2809,721
929,4636,3390,2704,686
930,3539,2636,2060,576
931,2371,1678,1338,340
932,2816,2159,1715,444
933,4493,3356,2672,684
934,4678,3486,2739,747
935,4737,3484,2762,722
936,4775,3514,2806,708
937,3658,2725,2181,544
938,2260,1664,1324,340
939,3343,2433,1933,500
940,4640,3440,2756,684
941,4694,3532,2867,665
942,4771,3517,2800,717
943,4173,3017,2395,622
944,3046,2238,1752,486
945,2260,1701,1333,368
946,2876,2143,1700,443
947,4774,3402,2719,683
948,5009,3702,2906,796
949,5369,3852,3133,719
950,5020,3669,2969,700
951,3935,2802,2203,599
952,2795,2049,1630,419
953,3795,2827,2305,522
954,5489,4083,3252,831
955,5680,4108,3336,772
956,5383,3940,3205,735
957,4890,3695,2985,710
958,3872,2887,2310,577
959,2790,1987,1602,385
960,3524,2616,2118,498
961,4903,3551,2875,676
962,5160,3802,3079,723
963,5194,3766,2995,771
964,5142,3755,3013,742
965,3836,2925,2323,602
966,2737,1981,1572,409
967,3386,2534,2025,509
968,4816,3585,2900,685
969,4734,3458,2763,695
970,4761,3475,2754,721
971,4277,3224,2570,654
972,3563,2620,2056,564
973,2401,1749,1379,370
974,2877,2126,1674,452
975,4448,3191,2494,697
976,4525,3226,2593,633
977,4533,3318,2676,642
978,4431,3307,2686,621
979,3456,2470,1938,532
980,2162,1651,1332,319
981,2786,1971,1597,374
982,4172,3041,2403,638
983,4255,3077,2457,620
984,4154,2996,2400,596
985,3803,2839,2263,576
986,2950,2183,1720,463
987,1909,1444,1155,289
988,2506,1781,1399,382
989,3325,2457,1913,544
990,4086,2909,2298,611
991,3716,2667,2069,598
992,3702,2639,2103,536
993,2959,2171,1680,491
994,2006,1471,1161,310
995,2479,1795,1419,376
996,3501,2610,2072,538
997,3985,2922,2361,561
998,3920,2913,2314,599
999,3868,2796,2209,587
1000,2921,2101,1660,441
1001,1655,1244,975,269
1002,2229,1622,1299,323
1003,3660,2598,2020,578
1004,3898,2809,2202,607
1005,3912,2797,2200,597
1006,3604,2624,2029,595
1007,2970,2105,1621,484
1008,1546,1187,957,230
1009,1944,1465,1146,319
1010,3608,2493,1959,534
1011,3514,2472,1905,567
1012,3344,2475,1915,560
1013,3292,2351,1824,527
1014,2469,1850,1445,405
1015,1296,925,702,223
1016,1546,1071,811,260
1017,2948,1998,1528,470
1018,3077,2190,1690,500
1019,3028,2145,1649,496
1020,2738,1976,1474,502
1021,2147,1478,1087,391
1022,1277,903,675,228
1023,1606,1142,879,263
1024,2504,1726,1296,430
1025,2218,1566,1217,349
1026,3024,2149,1681,468
1027,2951,2047,1555,492
1028,2401,1693,1310,383
1029,1242,891,700,191
1030,1511,1172,938,234
1031,2934,2062,1619,443
1032,3003,2140,1663,477
1033,3073,2192,1710,482
1034,2933,2043,1550,493
1035,2468,1710,1287,423
1036,1355,892,689,203
1037,1553,1122,891,231
1038,2902,1954,1479,475
1039,2899,2109,1591,518
1040,2986,2032,1584,448
1041,2964,2031,1571,460
1042,2433,1609,1214,395
1043,1280,923,725,198
1044,1603,1170,909,261
1045,3154,2214,1726,488
1046,3084,2148,1666,482
1047,2983,1925,1490,435
1048,2849,1908,1440,468
1049,2420,1538,1150,388
1050,1300,895,712,183
1051,1526,1112,863,249
1052,2872,1978,1481,497
1053,2914,1957,1463,494
1054,2843,1994,1536,458
1055,2649,1894,1447,447
1056,2042,1478,1150,328
1057,1225,901,681,220
1058,1562,1045,792,253
1059,2751,1823,1398,425
1060,2634,1868,1415,453
1061,2704,1961,1511,450
1062,2670,1864,1463,401
1063,2073,1498,1121,377
1064,1240,888,669,219
1065,1530,1076,811,265
1066,2392,1704,1346,358
1067,2675,1846,1471,375
1068,2755,1911,1436,475
1069,2608,1824,1421,403
1070,2163,1521,1163,358
1071,1304,951,743,208
1072,1969,1419,1156,263
1073,2985,2069,1575,494
1074,3087,2259,1772,487
1075,3047,2147,1704,443
1076,2961,2026,1600,426
1077,2293,1589,1257,332
1078,1261,934,751,183
1079,1676,1211,983,228
1080,1786,1287,1005,282
1081,3252,2310,1845,465
1082,3082,2179,1741,438
1083,2721,1963,1579,384
1084,2217,1583,1235,348
1085,1271,908,730,178
1086,1742,1197,958,239
1087,2293,1704,1380,324
1088,3155,2289,1818,471
1089,3159,2320,1882,438
1090,3054,2243,1777,466
1091,2440,1848,1488,360
1092,1532,1108,924,184
1093,2247,1657,1366,291
1094,3570,2496,2033,463
1095,3524,2540,2075,465
1096,3471,2473,2040,433
1097,3303,2415,1974,441
1098,2560,1867,1519,348
1099,1470,1090,912,178
1100,2234,1715,1446,269
1101,3504,2596,2123,473
1102,3984,2840,2382,458
1103,3746,2660,2188,472
1104,3524,2667,2143,524
1105,2639,1944,1591,353
1106,1523,1178,975,203
1107,2425,1809,1521,288
1108,3671,2705,2202,503
1109,3669,2780,2306,474
1110,3537,2657,2211,446
1111,3413,2507,2048,459
1112,2699,1902,1554,348
1113,1829,1289,1058,231
1114,2379,1812,1507,305
1115,3637,2669,2221,448
1116,3775,2787,2253,534
1117,3572,2731,2245,486
1118,3605,2695,2230,465
1119,2774,2078,1670,408
1120,1780,1354,1106,248
1121,2469,1884,1571,313
1122,3881,2869,2348,521
1123,3767,2785,2296,489
1124,4082,2924,2335,589
1125,4047,2768,2240,528
1126,2877,2114,1706,408
1127,2073,1559,1298,261
1128,2759,2066,1739,327
1129,3817,2880,2344,536
1130,3949,2930,2402,528
1131,3867,2896,2395,501
1132,3621,2582,2119,463
1133,2978,2220,1772,448
1134,1992,1434,1158,276
1135,2851,2142,1779,363
1136,4390,3177,2651,526
1137,3886,2938,2406,532
1138,3424,2477,2017,460
1139,4207,3087,2561,526
1140,3345,2478,1984,494
1141,2128,1567,1277,290
1142,2205,1637,1319,318
1143,4091,2999,2453,546
1144,4223,3143,2555,588
1145,4361,3147,2554,593
1146,4263,3103,2513,590
1147,3341,2397,1903,494
1148,2278,1634,1307,327
1149,3097,2299,1888,411
1150,4185,3113,2538,575
1151,4477,3341,2689,652
1152,4354,3227,2579,648
1153,4194,3005,2401,604
1154,3240,2319,1833,486
1155,2424,1613,1283,330
1156,3168,2309,1853,456
1157,4709,3433,2784,649
1158,4634,3373,2727,646
1159,4545,3345,2681,664
1160,4532,3332,2693,639
1161,3317,2508,2018,490
1162,2449,1741,1386,355
1163,2893,2231,1780,451
1164,4170,3135,2555,580
1165,4277,3026,2419,607
1166,3588,2625,2078,547
1167,3141,2237,1760,477
1168,2658,1843,1429,414
1169,2391,1652,1327,325
1170,3202,2354,1901,453
1171,4349,3251,2601,650
1172,4886,3660,2968,692
1173,4555,3484,2824,660
1174,4477,3134,2530,604
1175,3577,2603,2056,547
1176,2430,1827,1461,366
1177,3449,2504,2006,498
1178,4955,3673,3019,654
1179,4475,3435,2775,660
1180,4595,3452,2766,686
1181,4451,3199,2563,636
1182,3418,2549,2037,512
1183,2605,1944,1572,372
1184,3483,2607,2102,505
1185,4651,3350,2656,694
1186,4029,3011,2351,660
1187,4282,3205,2609,596
1188,4138,2930,2315,615
1189,4130,2803,2211,592
1190,2581,1761,1429,332
1191,3355,2300,1876,424
1192,4482,3109,2491,618
1193,4584,3021,2456,565
1194,4106,2661,2133,528
1195,3378,2243,1798,445
1196,2446,1544,1211,333
1197,1447,958,753,205
1198,1326,895,696,199
1199,1609,1015,809,206
1200,2481,1438,1105,333
1201,2798,1740,1350,390
1202,2809,1797,1425,372
1203,2216,1410,1083,327
1204,1546,1071,839,232
1205,1339,923,724,199
1206,1709,1120,878,242
1207,3389,2208,1755,453
1208,3391,2282,1827,455
1209,3698,2310,1878,432
1210,3511,2272,1801,471
1211,2279,1498,1196,302
1212,2822,1869,1495,374
1213,4240,2784,2186,598
1214,4319,2844,2302,542
1215,4224,2866,2304,562
1216,3797,2704,2203,501
1217,3190,2127,1692,435
1218,1998,1373,1128,245
1219,2515,1711,1393,318
1220,3950,2612,2065,547
1221,4033,2631,2133,498
1222,4269,2812,2285,527
1223,4124,2677,2157,520
1224,3228,2198,1763,435
1225,2287,1423,1160,263
1226,2946,1996,1628,368
1227,4608,3035,2534,501
1228,4786,3154,2566,588
1229,4724,3244,2680,564
1230,4417,2875,2348,527
1231,3580,2314,1825,489
1232,2345,1544,1229,315
1233,3170,2140,1776,364
1234,4862,3194,2573,621
1235,4600,3106,2504,602
1236,4705,3249,2704,545
1237,4723,3164,2571,593
1238,3969,2572,2104,468
1239,2994,2034,1702,332
1240,3162,2186,1811,375
1241,4949,3287,2735,552
1242,5092,3465,2838,627
1243,4767,3319,2729,590
1244,4625,3179,2603,576
1245,3738,2477,2015,462
1246,2739,1793,1477,316
1247,3923,2476,2077,399
1248,5341,3687,3045,642
1249,5114,3460,2836,624
1250,4896,3214,2568,646
1251,4502,3050,2507,543
1252,3729,2518,2012,506
1253,2388,1618,1319,299
1254,3405,2314,1928,386
1255,5176,3620,2971,649
1256,5429,3597,2978,619
1257,5120,3448,2869,579
1258,4993,3379,2774,605
1259,4148,2751,2221,530
1260,2763,1981,1648,333
1261,3599,2446,2011,435
1262,5542,3728,3052,676
1263,5378,3764,3123,641
1264,5536,3734,3095,639
1265,4984,3315,2713,602
1266,4130,2754,2231,523
1267,2818,1922,1579,343
1268,3978,2699,2249,450
1269,5502,3727,3019,708
1270,5740,3842,3160,682
1271,5635,3734,3037,697
1272,5375,3704,3044,660
1273,4273,3038,2490,548
1274,3223,2305,1918,387
1275,3956,2727,2288,439
1276,5895,4141,3447,694
1277,6152,4207,3398,809
1278,5906,4021,3305,716
1279,6300,4061,3279,782
1280,4915,3259,2673,586
1281,3218,2161,1818,343
1282,4429,2919,2435,484
1283,5739,4038,3316,722
1284,6220,4292,3553,739
1285,6238,4163,3396,767
1286,6226,4251,3595,656
1287,4364,2994,2457,537
1288,2882,2021,1682,339
1289,4010,2748,2263,485
1290,6084,3995,3289,706
1291,5874,4147,3446,701
1292,5719,3917,3288,629
1293,5003,3396,2812,584
1294,3605,2541,2062,479
1295,2811,1901,1512,389
1296,3567,2438,1956,482
1297,5237,3542,2875,667
1298,6154,4126,3438,688
1299,5895,4112,3418,694
1300,5858,3943,3232,711
1301,5034,3348,2749,599
1302,3613,2291,1840,451
1303,4389,3059,2530,529
1304,6278,4290,3546,744
1305,6836,4514,3747,767
1306,6731,4596,3759,837
1307,6287,4332,3563,769
1308,5089,3454,2850,604
1309,3812,2542,2094,448
1310,5290,3538,2914,624
1311,7161,4993,4188,805
1312,7352,4939,4058,881
1313,7218,4842,4001,841
1314,7040,4672,3895,777
1315,5367,3728,3029,699
1316,4021,2749,2253,496
1317,5397,3722,3059,663
1318,7605,5124,4216,908
1319,7614,5094,4181,913
1320,7984,5541,4616,925
1321,7040,4823,3957,866
1322,5628,3749,3095,654
1323,3926,2618,2141,477
1324,5479,3635,3057,578
1325,6670,4584,3784,800
1326,6783,4542,3742,800
1327,7105,4865,4013,852
1328,6877,4702,3854,848
1329,5460,3711,3039,672
1330,3648,2568,2058,510
1331,4917,3311,2737,574
1332,6980,4654,3881,773
1333,6702,4577,3700,877
1334,6699,4488,3581,907
1335,6001,4059,3265,794
1336,5094,3454,2766,688
1337,3179,2237,1821,416
1338,4169,2912,2413,499
1339,6392,4388,3637,751
1340,5878,4094,3384,710
1341,5800,3976,3266,710
1342,5690,4023,3254,769
1343,4314,2986,2400,586
1344,2948,2117,1735,382
1345,3864,2674,2155,519
1346,5499,3708,3005,703
1347,5790,4040,3269,771
1348,5720,3971,3206,765
1349,5692,3675,2965,710
1350,4082,2803,2188,615
1351,2716,1965,1597,368
1352,3430,2374,1887,487
1353,4353,2994,2392,602
1354,5525,3777,3112,665
1355,5407,3574,2908,666
1356,4994,3485,2792,693
1357,3835,2681,2172,509
1358,2511,1750,1423,327
1359,3371,2308,1891,417
1360,5226,3399,2741,658
1361,5139,3453,2811,642
1362,5051,3474,2828,646
1363,4787,3283,2685,598
1364,3956,2670,2107,563
1365,2303,1589,1278,311
1366,3011,2091,1717,374
1367,4896,3326,2714,612
1368,4952,3309,2624,685
1369,4570,3099,2439,660
1370,4542,2962,2377,585
1371,3383,2320,1847,473
1372,1922,1316,1061,255
1373,2404,1677,1361,316
1374,4576,2964,2313,651
1375,4727,3144,2519,625
1376,4639,2989,2370,619
1377,4108,2762,2154,608
1378,3372,2207,1744,463
1379,1996,1277,989,288
1380,2415,1619,1266,353
1381,4457,2881,2272,609
1382,4736,3039,2410,629
1383,4245,2818,2244,574
1384,4081,2785,2160,625
1385,3053,2008,1568,440
1386,1741,1147,927,220
1387,2186,1447,1140,307
1388,4026,2533,1952,581
1389,3961,2515,1966,549
1390,3019,2032,1595,437
1391,3743,2496,1997,499
1392,3050,1995,1575,420
1393,1688,1080,857,223
1394,2185,1440,1145,295
1395,4104,2576,2016,560
1396,4097,2694,2059,635
1397,3844,2506,1895,611
1398,3743,2530,2001,529
1399,3073,2068,1581,487
1400,1852,1249,992,257
1401,2105,1474,1173,301
1402,4078,2657,2095,562
1403,4515,2856,2255,601
1404,4276,2779,2173,606
1405,4043,2705,2114,591
1406,3004,2028,1576,452
1407,1664,1177,942,235
1408,2248,1561,1246,315
1409,4062,2658,2081,577
1410,4053,2680,2091,589
1411,3628,2431,1879,552
1412,3596,2415,1925,490
1413,3140,2002,1539,463
1414,1938,1304,1054,250
1415,2460,1699,1364,335
1416,4175,2771,2166,605
1417,4113,2881,2310,571
1418,4273,2901,2310,591
1419,4194,2754,2202,552
1420,3405,2345,1833,512
1421,1800,1251,1025,226
1422,2378,1694,1388,306
1423,4319,2856,2233,623
1424,4388,2971,2375,596
1425,4205,2724,2118,606
1426,3973,2555,1998,557
1427,3510,2224,1777,447
1428,1913,1281,1012,269
1429,2397,1644,1284,360
1430,4348,2789,2224,565
1431,3966,2688,2127,561
1432,3805,2544,2035,509
1433,3866,2604,2074,530
1434,3489,2219,1737,482
1435,2074,1394,1108,286
1436,2519,1687,1318,369
1437,4202,2734,2128,606
1438,4023,2711,2147,564
1439,4048,2685,2121,564
1440,4150,2860,2249,611
1441,3154,2199,1742,457
1442,2143,1317,1012,305
1443,2576,1705,1372,333
1444,4317,2954,2367,587
1445,4421,3023,2427,596
1446,4563,3019,2395,624
1447,4055,2798,2265,533
1448,3427,2305,1815,490
1449,1731,1241,989,252
1450,2258,1641,1293,348
1451,3655,2499,2032,467
1452,4456,2995,2435,560
1453,4566,3042,2456,586
1454,4314,3049,2508,541
1455,3557,2349,1890,459
1456,2281,1548,1255,293
1457,3346,2255,1906,349
1458,4711,3200,2600,600
1459,4709,3134,2595,539
1460,4379,3032,2464,568
1461,4357,2870,2325,545
1462,3560,2396,1907,489
1463,2049,1488,1244,244
1464,2813,1934,1614,320
1465,5064,3241,2621,620
1466,5006,3221,2595,626
1467,4949,3282,2708,574
1468,4695,3165,2573,592
1469,3516,2383,1933,450
1470,2460,1704,1374,330
1471,2994,2127,1733,394
1472,4688,3273,2679,594
1473,4924,3481,2885,596
1474,5209,3546,2936,610
1475,5966,4029,3385,644
1476,4740,3171,2643,528
1477,2715,1870,1618,252
1478,3739,2573,2194,379
1479,5841,3982,3331,651
1480,5881,4096,3514,582
1481,5540,3863,3249,614
1482,5636,3894,3306,588
1483,4479,3120,2638,482
1484,3076,2094,1750,344
1485,3973,2865,2457,408
1486,6045,4310,3659,651
1487,6126,4173,3522,651
1488,6084,4319,3616,703
1489,6154,4254,3632,622
1490,4868,3385,2784,601
1491,3409,2379,2006,373
1492,4722,3357,2859,498
1493,6555,4550,3766,784
1494,7079,4652,3893,759
1495,6691,4673,3893,780
1496,6522,4398,3666,732
1497,4922,3390,2857,533
1498,3409,2399,1990,409
1499,4483,3092,2623,469
1500,6666,4499,3769,730
1501,6991,4677,3916,761
1502,6871,4619,3808,811
1503,6357,4331,3579,752
1504,5114,3468,2827,641
1505,3456,2400,2006,394
1506,4924,3251,2735,516
1507,6837,4704,3890,814
1508,6481,4547,3798,749
1509,6296,4316,3545,771
1510,6044,3988,3299,689
1511,4860,3326,2738,588
1512,3430,2289,1946,343
1513,4638,3236,2744,492
1514,6365,4329,3609,720
1515,6330,4291,3556,735
1516,5865,3937,3267,670
1517,5692,3938,3298,640
1518,5026,3533,2917,616
1519,3506,2428,2018,410
1520,4778,3265,2709,556
1521,6684,4592,3795,797
1522,6766,4720,3918,802
1523,6916,4674,3872,802
1524,6440,4379,3634,745
1525,5066,3497,2863,634
1526,3503,2489,2043,446
1527,4855,3321,2691,630
1528,6818,4601,3795,806
1529,6239,4424,3640,784
1530,5471,3904,3194,710
1531,4453,3186,2592,594
1532,4062,2892,2347,545
1533,3485,2445,1987,458
1534,4906,3371,2815,556
1535,7099,4871,4012,859
1536,7503,5181,4267,914
1537,7554,5227,4330,897
1538,7169,4944,4106,838
1539,5608,3895,3211,684
1540,4055,2800,2306,494
1541,5611,3906,3259,647
1542,7650,5378,4431,947
1543,7372,5225,4328,897
1544,7369,5166,4316,850
1545,7250,5093,4213,880
1546,5735,4032,3296,736
1547,4614,3240,2699,541
1548,5979,4062,3352,710
1549,7840,5421,4465,956
1550,7659,5267,4330,937
1551,7319,4983,4010,973
1552,6373,4452,3620,832
1553,4897,3404,2776,628
1554,3325,2209,1833,376
1555,3874,2671,2206,465
1556,5436,3791,3062,729
1557,5174,3562,2945,617
1558,4873,3255,2632,623
1559,3913,2716,2164,552
1560,2934,1979,1543,436
1561,1523,1074,846,228
1562,1859,1223,997,226
1563,1835,1310,1019,291
1564,1852,1214,955,259
1565,2357,1594,1243,351
1566,2583,1783,1418,365
1567,2477,1613,1279,334
1568,1694,1197,990,207
1569,1985,1340,1097,243
1570,1723,1159,874,285
1571,1715,1168,891,277
1572,3431,2361,1899,462
1573,4118,2793,2259,534
1574,3504,2373,1936,437
1575,2308,1609,1348,261
1576,2925,2046,1648,398
1577,4587,3100,2550,550
1578,4731,3182,2585,597
1579,4831,3245,2660,585
1580,4162,2836,2298,538
1581,3726,2476,1999,477
1582,2458,1722,1413,309
1583,3266,2264,1878,386
1584,5016,3348,2760,588
1585,4732,3320,2738,582
1586,4938,3447,2845,602
1587,5033,3516,2967,549
1588,4114,2731,2236,495
1589,2780,1929,1599,330
1590,4205,2367,1974,393
1591,4983,3391,2783,608
1592,5182,3674,3052,622
1593,5316,3856,3199,657
1594,5021,3462,2853,609
1595,4230,2882,2382,500
1596,2743,1882,1541,341
1597,3890,2622,2232,390
1598,5575,3925,3232,693
1599,5732,3866,3260,606
1600,5402,3759,3134,625
1601,5069,3597,2984,613
1602,4222,2923,2364,559
1603,2864,1902,1596,306
1604,3598,2447,2044,403
1605,5366,3767,3146,621
1606,5427,3757,3124,633
1607,5667,3759,3130,629
1608,5517,3763,3069,694
1609,4420,2943,2429,514
1610,3150,2274,1911,363
1611,4264,2962,2470,492
1612,6569,4276,3566,710
1613,6145,4092,3391,701
1614,5743,3932,3236,696
1615,5512,3762,3075,687
1616,4127,2952,2377,575
1617,3309,2195,1809,386
1618,3761,2669,2217,452
1619,5592,3912,3226,686
1620,6100,4322,3575,747
1621,6208,4265,3543,722
1622,5730,4071,3352,719
1623,4372,3073,2508,565
1624,3378,2259,1871,388
1625,4367,3012,2524,488
1626,6318,4424,3678,746
1627,6431,4304,3530,774
1628,5919,4205,3442,763
1629,5668,3966,3266,700
1630,4581,3178,2594,584
1631,3383,2263,1878,385
1632,4311,3005,2476,529
1633,6357,4214,3443,771
1634,6092,4092,3343,749
1635,5772,4070,3340,730
1636,5861,4064,3330,734
1637,4600,3147,2590,557
1638,3390,2218,1849,369
1639,4099,2898,2397,501
1640,6240,4320,3599,721
1641,5871,4127,3375,752
1642,6381,4506,3726,780
1643,5853,4043,3328,715
1644,4425,3116,2499,617
1645,2961,2099,1685,414
1646,4008,2744,2258,486
1647,5830,4040,3319,721
1648,6089,4164,3448,716
1649,5800,3946,3192,754
1650,5431,3761,3100,661
1651,4560,3071,2543,528
1652,3256,2254,1859,395
1653,4156,2858,2386,472
1654,6060,4232,3469,763
1655,6191,4344,3578,766
1656,6678,4612,3842,770
1657,6167,4086,3361,725
1658,4441,3147,2601,546
1659,3243,2325,1949,376
1660,4260,3039,2543,496
1661,6078,4238,3550,688
1662,6824,4656,3833,823
1663,6621,4727,3942,785
1664,6231,4343,3647,696
1665,4776,3346,2719,627
1666,3148,2319,1924,395
1667,4357,3050,2511,539
1668,6794,4738,3960,778
1669,6688,4505,3736,769
1670,6570,4448,3646,802
1671,6113,4264,3504,760
1672,4856,3336,2726,610
1673,3401,2409,2011,398
1674,4551,3197,2600,597
1675,6614,4773,3967,806
1676,7019,4837,4037,800
1677,6643,4470,3681,789
1678,5398,3825,3133,692
1679,4323,2981,2482,499
1680,3546,2442,2020,422
1681,4312,3045,2534,511
1682,6363,4520,3729,791
1683,6797,4968,4147,821
1684,7144,5002,4136,866
1685,6555,4621,3804,817
1686,5400,3780,3089,691
1687,3710,2465,2038,427
1688,4788,3294,2728,566
1689,6232,4340,3578,762
1690,6093,4264,3440,824
1691,6117,4275,3556,719
1692,6274,4153,3433,720
1693,4774,3370,2763,607
1694,3437,2462,1999,463
1695,4330,3009,2457,552
1696,5902,4164,3402,762
1697,6064,4258,3469,789
1698,5709,4049,3310,739
1699,5596,3944,3275,669
1700,4498,3144,2494,650
1701,3258,2119,1702,417
1702,3571,2565,2070,495
1703,5677,3908,3136,772
1704,5534,3669,2977,692
1705,5391,3667,2989,678
1706,5043,3577,2953,624
1707,3993,2795,2254,541
1708,2565,1876,1545,331
1709,3369,2364,1954,410
1710,4993,3442,2806,636
1711,4728,3406,2813,593
1712,4963,3431,2772,659
1713,4637,3243,2698,545
1714,3694,2559,2070,489
1715,2460,1658,1347,311
1716,3006,2064,1693,371
1717,3992,2780,2271,509
1718,4960,3403,2767,636
1719,4376,3115,2562,553
1720,4143,2896,2353,543
1721,3359,2363,1909,454
1722,2218,1474,1221,253
1723,2768,1845,1516,329
1724,3967,2831,2295,536
1725,4501,3008,2426,582
1726,3973,2727,2233,494
1727,4259,2871,2312,559
1728,3181,2313,1869,444
1729,2170,1583,1324,259
1730,2810,1930,1586,344
1731,4420,3030,2463,567
1732,4793,3258,2664,594
1733,4410,3064,2479,585
1734,4076,2844,2280,564
1735,3287,2265,1789,476
1736,2176,1467,1201,266
1737,2516,1747,1419,328
1738,4142,2925,2398,527
1739,4225,3013,2461,552
1740,4162,2882,2351,531
1741,3716,2615,2137,478
1742,3333,2275,1853,422
1743,1918,1360,1118,242
1744,2344,1621,1317,304
1745,3691,2591,2149,442
1746,4035,2770,2247,523
1747,3939,2675,2186,489
1748,3738,2671,2197,474
1749,2846,2021,1657,364
1750,1733,1199,983,216
1751,2184,1494,1240,254
1752,3512,2485,2001,484
1753,3675,2636,2163,473
1754,3831,2579,2144,435
1755,2801,1971,1648,323
1756,2552,1790,1446,344
1757,1950,1291,1110,181
1758,2110,1477,1209,268
1759,4303,2903,2383,520
1760,3883,2799,2335,464
1761,4244,2907,2347,560
1762,3765,2669,2150,519
1763,3286,2276,1816,460
1764,1851,1305,1063,242
1765,2580,1754,1433,321
1766,4140,2911,2382,529
1767,4076,2785,2285,500
1768,4141,2900,2360,540
1769,3898,2774,2249,525
1770,3027,2078,1641,437
1771,1831,1271,1033,238
1772,2282,1617,1356,261
1773,4138,2890,2376,514
1774,4049,2868,2344,524
1775,4272,2963,2359,604
1776,4089,2755,2210,545
1777,3277,2264,1842,422
1778,1954,1308,1069,239
1779,2111,1509,1239,270
1780,3625,2539,2053,486
1781,4415,2906,2386,520
1782,3854,2743,2260,483
1783,4114,2771,2262,509
1784,3492,2280,1874,406
1785,1849,1312,1096,216
1786,2239,1630,1347,283
1787,3976,2664,2191,473
1788,4061,2833,2284,549
1789,3702,2675,2215,460
1790,3622,2553,2112,441
1791,3039,2033,1660,373
1792,1848,1265,1049,216
1793,2082,1502,1242,260
1794,3807,2574,2121,453
1795,3993,2667,2215,452
1796,3567,2517,2087,430
1797,3484,2450,2046,404
1798,2994,2022,1663,359
1799,1793,1276,1074,202
1800,2422,1721,1477,244
1801,4070,2847,2371,476
1802,3987,2800,2293,507
1803,3355,2407,1963,444
1804,2925,1959,1627,332
1805,3010,2143,1769,374
1806,1896,1380,1151,229
1807,2501,1791,1497,294
1808,3851,2714,2257,457
1809,4403,3075,2622,453
1810,4627,3125,2623,502
1811,4221,2982,2477,505
1812,3025,2102,1727,375
1813,1998,1386,1179,207
1814,2297,1645,1414,231
1815,3192,2272,1910,362
1816,4087,2921,2434,487
1817,4787,3348,2842,506
1818,4483,3078,2570,508
1819,3571,2483,2095,388
1820,2263,1566,1343,223
1821,2948,2118,1827,291
1822,4521,3287,2785,502
1823,4563,3251,2758,493
1824,4598,3365,2901,464
1825,4603,3356,2868,488
1826,3349,2508,2121,387
1827,2437,1716,1451,265
1828,3188,2367,2082,285
1829,5291,3839,3280,559
1830,5477,3815,3273,542
1831,5257,3726,3222,504
1832,5000,3500,3028,472
1833,3890,2822,2407,415
1834,2654,1994,1739,255
1835,3656,2640,2328,312
1836,5223,3804,3291,513
1837,5276,3826,3287,539
1838,5476,3838,3306,532
1839,5196,3718,3208,510
1840,4052,2863,2448,415
1841,2635,1945,1696,249
1842,4076,2895,2541,354
1843,5167,3754,3216,538
1844,4972,3634,3082,552
1845,5143,3683,3209,474
1846,4753,3454,2941,513
1847,3795,2854,2440,414
1848,2920,2118,1827,291
1849,3950,2850,2471,379
1850,5493,3929,3432,497
1851,5652,4186,3705,481
1852,5617,3936,3388,548
1853,5234,3802,3261,541
1854,4118,3147,2674,473
1855,2863,2111,1803,308
1856,4032,3013,2645,368
1857,5476,4022,3466,556
1858,5542,4117,3572,545
1859,5340,3966,3403,563
1860,5388,3905,3333,572
1861,4309,3097,2675,422
1862,3117,2223,1897,326
1863,4234,3081,2679,402
1864,5698,4144,3507,637
1865,5721,4132,3536,596
1866,6018,4446,3823,623
1867,5563,3995,3397,598
1868,4159,2961,2461,500
1869,2732,2057,1753,304
1870,3901,2854,2460,394
1871,5749,4120,3529,591
1872,5821,4140,3576,564
1873,5647,4059,3452,607
1874,5219,3689,3180,509
1875,4054,3010,2604,406
1876,2815,2170,1889,281
1877,4253,3063,2603,460
1878,5816,4184,3640,544
1879,5843,4176,3549,627
1880,6058,4351,3672,679
1881,6291,4489,3810,679
1882,4604,3357,2839,518
1883,3354,2337,2000,337
1884,4190,3075,2634,441
1885,5931,4194,3573,621
1886,6443,4589,3877,712
1887,5805,4275,3572,703
1888,5753,4172,3569,603
1889,4709,3452,2927,525
1890,3418,2506,2136,370
1891,4821,3387,2872,515
1892,6444,4699,3985,714
1893,6607,4772,4119,653
1894,6726,4781,4115,666
1895,6334,4462,3840,622
1896,4575,3214,2724,490
1897,3414,2474,2118,356
1898,4535,3242,2787,455
1899,5970,4467,3836,631
1900,5630,4115,3522,593
1901,5384,3823,3225,598
1902,4201,3223,2747,476
1903,3799,2947,2504,443
1904,3301,2443,2053,390
1905,4420,3308,2849,459
1906,6384,4674,4031,643
1907,6964,4975,4285,690
1908,6957,4959,4252,707
1909,6350,4671,3989,682
1910,5324,3796,3258,538
1911,3795,2760,2362,398
1912,5013,3636,3159,477
1913,7005,5250,4569,681
1914,6606,4791,4131,660
1915,6686,4902,4240,662
1916,6163,4533,3871,662
1917,4581,3272,2801,471
1918,2930,2240,1958,282
1919,3585,2672,2280,392
1920,4925,3653,3128,525
1921,4743,3441,2895,546
1922,4716,3390,2918,472
1923,3793,2821,2381,440
1924,2688,1906,1583,323
1925,1682,1177,1020,157
1926,1880,1411,1190,221
1927,2451,1738,1442,296
1928,1644,1197,977,220
1929,1483,1027,851,176
1930,1864,1355,1102,253
1931,1927,1319,1109,210
1932,1679,1219,1019,200
1933,1962,1299,1111,188
1934,2469,1762,1479,283
1935,1750,1192,1005,187
1936,1554,1105,870,235
1937,2820,2083,1754,329
1938,2970,2180,1859,321
1939,2111,1526,1300,226
1940,2393,1788,1514,274
1941,3704,2770,2341,429
1942,3760,2915,2492,423
1943,3698,2844,2402,442
1944,4243,3374,2910,464
1945,3177,2415,2043,372
1946,2361,1834,1581,253
1947,2762,2238,1961,277
1948,4298,3242,2727,515
1949,3838,2884,2450,434
1950,3754,2864,2470,394
1951,3817,2951,2510,441
1952,3175,2419,2006,413
1953,2336,1927,1681,246
1954,2597,2031,1717,314
1955,3715,2948,2505,443
1956,4459,3501,3017,484
1957,4483,3552,3079,473
1958,4225,3295,2805,490
1959,3111,2484,2131,353
1960,2353,1784,1535,249
1961,3198,2520,2213,307
1962,4432,3539,3058,481
1963,4664,3654,3148,506
1964,4471,3544,3025,519
1965,4486,3499,3031,468
1966,3527,2704,2304,400
1967,2514,1995,1728,267
1968,2993,2409,2106,303
1969,4728,3694,3174,520
1970,4883,3982,3472,510
1971,5071,4061,3528,533
1972,4638,3715,3217,498
1973,3757,2942,2512,430
1974,2761,2193,1890,303
1975,3423,2849,2498,351
1976,5066,4016,3464,552
1977,4928,4045,3499,546
1978,4996,4019,3497,522
1979,5004,3823,3188,635
1980,3675,2949,2529,420
1981,2556,2024,1757,267
1982,3732,2808,2361,447
1983,4958,3951,3382,569
1984,4869,3806,3273,533
1985,5224,4042,3495,547
1986,4890,3748,3212,536
1987,3678,2914,2528,386
1988,2456,2025,1759,266
1989,3444,2708,2387,321
1990,5000,3974,3390,584
1991,5496,4210,3601,609
1992,5059,4014,3468,546
1993,4813,3759,3247,512
1994,3810,3052,2569,483
1995,2682,2169,1858,311
1996,3332,2754,2379,375
1997,4872,3801,3264,537
1998,5097,3956,3452,504
1999,4714,3591,3118,473
2000,5048,3994,3428,566
2001,3698,2843,2386,457
2002,2670,2095,1798,297
2003,3416,2743,2362,381
2004,4731,3830,3269,561
2005,4820,3718,3169,549
2006,4813,3711,3182,529
2007,4393,3508,2952,556
2008,3316,2613,2172,441
2009,2416,1888,1569,319
2010,2934,2251,1937,314
2011,2732,2157,1809,348
2012,3805,3007,2525,482
2013,3748,2976,2508,468
2014,3678,2883,2471,412
2015,3322,2647,2239,408
2016,2701,2049,1749,300
2017,3263,2469,2120,349
2018,4105,3166,2690,476
2019,4156,3247,2766,481
2020,4153,3367,2878,489
2021,4256,3394,2944,450
2022,3818,3002,2588,414
2023,3045,2438,2103,335
2024,4079,3047,2603,444
2025,4899,3852,3280,572
2026,4943,3822,3310,512
2027,4907,3799,3317,482
2028,4933,3838,3305,533
2029,4665,3498,2975,523
2030,3366,2536,2175,361
2031,3976,3045,2644,401
2032,4981,3921,3351,570
2033,5331,4144,3552,592
2034,5331,4203,3656,547
2035,5063,3982,3426,556
2036,4252,3354,2869,485
2037,3656,2712,2279,433
2038,4152,3125,2666,459
2039,5089,3922,3379,543
2040,5491,4314,3721,593
2041,5665,4424,3754,670
2042,5423,4203,3592,611
2043,4688,3682,3146,536
2044,4055,3007,2521,486
2045,4830,3671,3057,614
2046,5908,4517,3869,648
2047,5633,4377,3722,655
2048,5786,4520,3856,664
2049,5967,4758,4074,684
2050,4937,3879,3319,560
2051,4327,3284,2814,470
2052,5086,3964,3393,571
2053,6038,4771,4054,717
2054,6324,4920,4210,710
2055,6062,4735,4006,729
2056,5520,4375,3776,599
2057,4670,3621,3068,553
2058,4171,3145,2683,462
2059,4716,3648,3067,581
2060,5939,4567,3882,685
2061,6361,4900,4169,731
2062,6659,5322,4580,742
2063,6264,4857,4067,790
2064,5359,4202,3592,610
2065,4593,3452,2932,520
2066,5092,3917,3338,579
2067,6563,5112,4278,834
2068,6124,4775,4028,747
2069,5817,4596,3886,710
2070,6057,4583,3937,646
2071,4958,3829,3183,646
2072,3651,2827,2384,443
2073,4248,3291,2737,554
2074,5624,4231,3588,643
2075,5595,4300,3666,634
2076,5213,4106,3466,640
2077,5156,3990,3372,618
2078,4350,3343,2816,527
2079,3446,2696,2291,405
2080,3945,2969,2479,490
2081,4639,3610,3054,556
2082,5224,4069,3416,653
2083,5242,4105,3474,631
2084,4939,3966,3371,595
2085,4387,3486,2949,537
2086,3327,2583,2189,394
2087,3692,2919,2482,437
2088,4734,3707,3133,574
2089,4727,3690,3057,633
2090,4994,3869,3239,630
2091,4767,3733,3156,577
2092,4124,3247,2778,469
2093,3230,2425,2045,380
2094,3906,3049,2574,475
2095,4895,3787,3188,599
2096,4871,3644,3050,594
2097,4989,3857,3269,588
2098,4633,3560,3015,545
2099,4475,3292,2757,535
2100,2967,2304,1942,362
2101,3507,2684,2282,402
2102,4337,3348,2794,554
2103,4470,3461,2964,497
2104,4439,3450,2898,552
2105,4895,3677,3132,545
2106,3924,2911,2459,452
2107,2827,2190,1851,339
2108,3481,2668,2256,412
2109,4627,3493,2935,558
2110,4561,3493,2950,543
2111,4626,3521,2982,539
2112,4137,3215,2668,547
2113,3555,2675,2248,427
2114,2671,1999,1680,319
2115,3486,2635,2233,402
2116,4000,3119,2616,503
2117,3828,3013,2553,460
2118,3935,3049,2599,450
2119,3633,2881,2397,484
2120,2997,2286,1932,354
2121,2194,1704,1420,284
2122,2948,2198,1836,362
2123,4049,3215,2724,491
2124,3792,2998,2485,513
2125,4029,3096,2613,483
2126,3945,3039,2587,452
2127,3523,2620,2173,447
2128,2646,1981,1665,316
2129,3454,2611,2213,398
2130,3703,2916,2459,457
2131,3680,2853,2397,456
2132,3479,2627,2196,431
2133,3756,2916,2463,453
2134,3289,2557,2122,435
2135,2416,1892,1606,286
2136,2793,2197,1892,305
2137,3749,2881,2428,453
2138,3786,2889,2450,439
2139,4002,3039,2566,473
2140,3823,3033,2525,508
2141,3430,2623,2262,361
2142,2400,1767,1487,280
2143,2835,2207,1869,338
2144,4001,3031,2523,508
2145,3795,2969,2525,444
2146,3903,3010,2591,419
2147,3397,2687,2265,422
2148,3005,2317,1887,430
2149,2305,1750,1479,271
2150,2696,1993,1701,292
2151,3866,2814,2368,446
2152,3826,2845,2400,445
2153,3673,2774,2334,440
2154,3660,2625,2189,436
2155,3136,2364,1941,423
2156,2223,1628,1354,274
2157,2623,1941,1644,297
2158,3638,2745,2325,420
2159,3740,2742,2258,484
2160,3767,2904,2477,427
2161,3621,2780,2322,458
2162,2971,2308,1922,386
2163,2221,1696,1373,323
2164,2724,2037,1686,351
2165,3456,2638,2181,457
2166,3581,2683,2184,499
2167,2064,1564,1297,267